{"version": 1, "reader_version": 1, "large_format": false, "spatial_calibrations": [{"offset": -4.0, "scale": 0.015625, "units": "nm"}, {"offset": -32.0, "scale": 0.015625, "units": "nm"}], "intensity_calibration": {"offset": 0.0, "scale": 1.0, "units": ""}, "collection_dimension_count": 0, "datum_dimension_count": 2, "metadata": {"instrument": {"high_tension": 100000.0, "defocus": 3.793197619810323e-08, "ImageScanned": {"C1 ConstW": 0.47650000000000003, "C10": 3.793197619810323e-08, "C12.a": -1.9184435434616432e-09, "C12.b": -3.7433762556629116e-09, "C21.a": 4.427987178005837e-07, "C21.b": 1.0265272555221381e-07, "C23.a": 1.5532661091417334e-07, "C23.b": -4.608843353481749e-08, "C30": 1.4714475863360503e-05, "C32.a": 1.5508786242245478e-05, "C32.b": 9.382537201577975e-06, "C34.a": 4.591738250946478e-07, "C34.b": 2.599958010444777e-06, "C41.a": -0.0007743650255978209, "C41.b": -0.00017951876835769223, "C43.a": -0.0004074520437887029, "C43.b": 0.00012089896462852415, "C45.a": -0.0002063200000874829, "C45.b": -2.7033933446395114e-06, "C50": -0.02100716149918772, "C52.a": -0.022070747639974735, "C52.b": -0.0053632038090965575, "C54.a": -0.0015238049608110775, "C54.b": 0.00013218922489378285, "C56.a": 0.0011720318833461564, "C56.b": 2.547985067926381e-05, "EHT": 100000.0, "PMTBF_gain": 40000.0, "PMTDF_gain": 6932.697999999999, "PL1": 0.5479499999999982, "PL2": 0.0, "PL3": 0.8076800000000008, "PL4": 1.401697556, "C2 ConstW": 0.80575, "C3 ConstW": 0.908, "SShft.sx": -0.000575304813543317, "SShft.sy": 0.00021020906726839384, "SShftZ": -0.0002201722483902024, "BP2.^CamCurrent": 1.9039999999999993e-11, "BP2.^VOACurrent": 3.328e-08, "Keithley_current": 0.0, "Keithley_voltage": 0.00559542, "microscope_id": 100.0}}, "scan": {"hardware_source_id": "superscan", "hardware_source_name": "SuperScan", "scan_id": "cdcf49ca-5e83-4f3b-87a6-2417d4e2ad1e", "center_x_nm": 0.0, "center_y_nm": 0.0, "fov_nm": 64.0, "rotation": -0.3141592653589793, "rotation_deg": -18.0, "scan_context_size": [512, 4096], "scan_size": [512, 4096], "scan_device_parameters": {"size": [512, 4096], "center_nm": [0.0, 0.0], "pixel_time_us": 16.0, "fov_nm": 64.0, "rotation_rad": -0.3141592653589793, "ac_line_sync": false, "ac_frame_sync": true, "flyback_time_us": 250, "external_clock_mode": 0, "external_clock_wait_time_ms": 0, "external_scan_mode": 0, "external_scan_ratio": 1.0, "subscan_rotation": 0.0}, "scan_device_properties": {"ac_line_sync": 0.0, "calibration_style": "space", "center_x_nm": 0.0, "center_y_nm": 0.0, "flyback_time_us": 254.666666666667, "fov_nm": 64.0, "line_time_us": 65449.3333333333, "pixel_time_us": 15.9166666666667, "pixels_x": 4096.0, "pixels_y": 512.0, "requested_pixel_time_us": 15.9999999596039, "rotation_deg": -18.0, "rotation_rad": -0.314159265358979, "mag_boards": {"MagBoard 0 DAC 0": 0.0, "MagBoard 0 DAC 1": 0.0, "MagBoard 0 DAC 10": 44983.0, "MagBoard 0 DAC 11": 13573.0, "MagBoard 0 DAC 2": 0.0, "MagBoard 0 DAC 3": 0.0, "MagBoard 0 DAC 4": 44888.0, "MagBoard 0 DAC 5": 13998.0, "MagBoard 0 DAC 6": 7411.0, "MagBoard 0 DAC 7": 60303.0, "MagBoard 0 DAC 8": 58534.0, "MagBoard 0 DAC 9": 4947.0, "MagBoard 0 Relay": 352.0, "MagBoard 1 DAC 0": 0.0, "MagBoard 1 DAC 1": 0.0, "MagBoard 1 DAC 10": 0.0, "MagBoard 1 DAC 11": 0.0, "MagBoard 1 DAC 2": 0.0, "MagBoard 1 DAC 3": 0.0, "MagBoard 1 DAC 4": 0.0, "MagBoard 1 DAC 5": 0.0, "MagBoard 1 DAC 6": 0.0, "MagBoard 1 DAC 7": 0.0, "MagBoard 1 DAC 8": 0.0, "MagBoard 1 DAC 9": 0.0, "MagBoard 1 Relay": 352.0}}, "valid_rows": 512}, "hardware_source": {"hardware_source_id": "superscan", "hardware_source_name": "SuperScan", "exposure": 33.3796693333334, "frame_index": 0, "channel_id": "a", "channel_name": "a", "pixel_time_us": 15.9166666666667, "line_time_us": 65449.3333333333, "valid_rows": 512, "channel_index": 0, "reference_key": "superscan_a", "view_id": "a41491ea-7a47-4592-a58a-91de4c38fa7d"}}, "properties": {"hardware_source_id": "superscan", "hardware_source_name": "SuperScan", "exposure": 33.3796693333334, "frame_index": 0, "channel_id": "a", "channel_name": "a", "pixel_time_us": 15.9166666666667, "line_time_us": 65449.3333333333, "valid_rows": 512, "channel_index": 0, "reference_key": "superscan_a", "view_id": "a41491ea-7a47-4592-a58a-91de4c38fa7d"}, "title": "SuperScan (a) 15", "source_file_path": null, "datetime_modified": {"local_datetime": "2023-04-24T12:23:28.826235", "tz": "-0600", "dst": "+60", "timezone": "America/Denver"}, "datetime_original": {"local_datetime": "2023-04-24T12:23:28.826235", "tz": "-0600", "dst": "+60", "timezone": "America/Denver"}, "uuid": "1126e37e-bfb9-4a33-bff3-3b9c4c06d5ef"}